"id_st","id_rna","dist","neighbor_rank","cluster_rna"
"spot_001","cell_041",2.627032995224,1,"type_1"
"spot_002","cell_050",2.07460880279541,1,"type_2"
"spot_003","cell_087",2.13444542884827,1,"type_3"
"spot_004","cell_004",1.70145416259766,1,"type_4"
"spot_005","cell_089",1.75072073936462,1,"type_1"
"spot_006","cell_174",2.69977593421936,1,"type_2"
"spot_007","cell_155",1.06949985027313,1,"type_3"
"spot_008","cell_160",1.97917115688324,1,"type_4"
"spot_009","cell_021",2.38111066818237,1,"type_1"
"spot_010","cell_066",1.59678971767426,1,"type_2"
"spot_011","cell_027",1.96672463417053,2,"type_3"
"spot_012","cell_148",2.79747271537781,1,"type_4"
"spot_013","cell_133",1.77486205101013,2,"type_1"
"spot_014","cell_098",2.72289657592773,2,"type_2"
"spot_015","cell_111",2.3452160358429,2,"type_3"
"spot_016","cell_048",2.06923604011536,1,"type_4"
"spot_017","cell_009",1.52080917358398,1,"type_1"
"spot_018","cell_074",2.25326609611511,2,"type_2"
"spot_019","cell_115",2.1622052192688,1,"type_3"
"spot_020","cell_072",1.59993541240692,1,"type_4"
"spot_021","cell_177",1.85693907737732,1,"type_1"
"spot_022","cell_178",2.25344228744507,3,"type_2"
"spot_023","cell_079",1.9868460893631,2,"type_3"
"spot_024","cell_016",2.11019206047058,1,"type_4"
"spot_025","cell_045",2.16183567047119,2,"type_1"
"spot_026","cell_046",2.92555332183838,2,"type_2"
"spot_027","cell_011",2.47685623168945,2,"type_3"
"spot_028","cell_068",1.60913777351379,1,"type_4"
"spot_029","cell_093",1.7048556804657,1,"type_1"
"spot_030","cell_110",2.50097393989563,1,"type_2"
"spot_031","cell_139",1.42609655857086,1,"type_3"
"spot_032","cell_128",1.3801246881485,1,"type_4"
"spot_033","cell_097",2.07410669326782,1,"type_1"
"spot_034","cell_142",2.58819651603699,1,"type_2"
"spot_035","cell_067",2.1332483291626,1,"type_3"
"spot_036","cell_120",1.87985610961914,1,"type_4"
"spot_038","cell_082",0.983187079429626,1,"type_2"
"spot_039","cell_059",1.4650319814682,1,"type_3"
"spot_040","cell_044",2.04342579841614,1,"type_4"
"spot_041","cell_029",2.30413055419922,1,"type_1"
"spot_043","cell_095",2.30462026596069,1,"type_3"
"spot_044","cell_112",2.39212107658386,3,"type_4"
"spot_045","cell_085",1.91366755962372,1,"type_1"
"spot_048","cell_008",2.05710816383362,1,"type_4"
"spot_049","cell_081",2.4502387046814,3,"type_1"
"spot_050","cell_094",2.60174870491028,1,"type_2"
"spot_051","cell_043",1.65517222881317,1,"type_3"
"spot_053","cell_149",1.84947907924652,1,"type_1"
"spot_055","cell_167",2.14111495018005,3,"type_3"
"spot_056","cell_036",2.23631906509399,2,"type_4"
"spot_057","cell_013",2.27701544761658,2,"type_1"
"spot_058","cell_122",1.92494511604309,1,"type_2"
"spot_059","cell_171",2.35714888572693,1,"type_3"
"spot_060","cell_096",2.55233931541443,3,"type_4"
"spot_062","cell_078",1.8663911819458,1,"type_2"
"spot_063","cell_031",2.06672382354736,2,"type_3"
"spot_064","cell_092",1.25321543216705,1,"type_4"
"spot_065","cell_113",2.11274218559265,3,"type_1"
"spot_066","cell_106",2.37162566184998,1,"type_2"
"spot_067","cell_127",2.07334971427917,5,"type_3"
"spot_068","cell_136",2.4367687702179,3,"type_4"
"spot_069","cell_057",2.48708963394165,2,"type_1"
"spot_070","cell_170",1.74669182300568,1,"type_2"
"spot_072","cell_176",1.68756246566772,1,"type_4"
"spot_073","cell_017",2.85925102233887,2,"type_1"
"spot_074","cell_014",1.96012675762177,1,"type_2"
"spot_075","cell_175",2.04423713684082,4,"type_3"
"spot_076","cell_064",1.51754987239838,1,"type_4"
"spot_077","cell_165",2.0255286693573,1,"type_1"
"spot_079","cell_179",2.25143074989319,2,"type_3"
"spot_081","cell_077",2.62819719314575,2,"type_1"
"spot_085","cell_005",1.97075593471527,1,"type_1"
"spot_086","cell_154",2.10639691352844,1,"type_2"
"spot_087","cell_055",2.20911407470703,1,"type_3"
"spot_088","cell_024",2.1372663974762,1,"type_4"
"spot_090","cell_158",1.81208050251007,1,"type_2"
"spot_093","cell_105",3.10380625724792,2,"type_1"
"spot_095","cell_083",1.89993059635162,1,"type_3"
"spot_096","cell_104",1.8242814540863,2,"type_4"
"spot_101","cell_065",2.8709237575531,4,"type_1"
"spot_102","cell_126",2.09286880493164,3,"type_2"
"spot_106","cell_086",2.49981117248535,1,"type_2"
"spot_107","cell_143",1.54725575447083,2,"type_3"
"spot_108","cell_028",2.36531257629395,1,"type_4"
"spot_110","cell_006",2.26660418510437,1,"type_2"
"spot_111","cell_063",2.73610186576843,5,"type_3"
"spot_114","cell_034",1.67562413215637,1,"type_2"
"spot_116","cell_164",2.64695620536804,1,"type_4"
"spot_119","cell_091",3.04930925369263,3,"type_3"
"spot_120","cell_132",1.85434007644653,5,"type_4"
"spot_121","cell_129",2.61643528938293,4,"type_1"
"spot_122","cell_130",2.18318676948547,1,"type_2"
"spot_124","cell_032",1.52243268489838,1,"type_4"
"spot_126","cell_054",2.33978486061096,1,"type_2"
"spot_129","cell_069",2.1723096370697,2,"type_1"
"spot_130","cell_118",2.18815922737122,2,"type_2"
"spot_132","cell_012",2.09445238113403,2,"type_4"
"spot_133","cell_121",2.27944993972778,3,"type_1"
"spot_134","cell_146",2.42311859130859,2,"type_2"
"spot_139","cell_047",2.36345291137695,2,"type_3"
"spot_141","cell_153",2.34860348701477,3,"type_1"
"spot_145","cell_157",2.18514108657837,2,"type_1"
"spot_146","cell_102",2.19170141220093,1,"type_2"
